model_a,model_b,criterion,n_basins,flip_rate
gr4j[kge],gr4j[lnnse],A_up,221,0.5113122171945701
gr4j[kge],gr4j[lnnse],A_lo,221,0.6289592760180995
gr4j[kge],gr4j[lnnse],E5_up,221,0.3438914027149321
gr4j[kge],gr4j[lnnse],E5_lo,221,0.5701357466063348
gr4j[kge],gr4j[lnnse],delta_bar,221,0.6244343891402715
gr4j[kge],gru[nse],A_up,221,0.2850678733031674
gr4j[kge],gru[nse],A_lo,221,0.38009049773755654
gr4j[kge],gru[nse],E5_up,221,0.2986425339366516
gr4j[kge],gru[nse],E5_lo,221,0.38461538461538464
gr4j[kge],gru[nse],delta_bar,221,0.3076923076923077
gr4j[kge],hbv[kge],A_up,221,0.3031674208144796
gr4j[kge],hbv[kge],A_lo,221,0.3212669683257919
gr4j[kge],hbv[kge],E5_up,221,0.33031674208144796
gr4j[kge],hbv[kge],E5_lo,221,0.5520361990950227
gr4j[kge],hbv[kge],delta_bar,221,0.31221719457013575
gr4j[kge],hbv[lnnse],A_up,221,0.42081447963800905
gr4j[kge],hbv[lnnse],A_lo,221,0.5384615384615384
gr4j[kge],hbv[lnnse],E5_up,221,0.22624434389140272
gr4j[kge],hbv[lnnse],E5_lo,221,0.6244343891402715
gr4j[kge],hbv[lnnse],delta_bar,221,0.5113122171945701
gr4j[kge],lstm[delta],A_up,221,0.45248868778280543
gr4j[kge],lstm[delta],A_lo,221,0.5067873303167421
gr4j[kge],lstm[delta],E5_up,221,0.4072398190045249
gr4j[kge],lstm[delta],E5_lo,221,0.4841628959276018
gr4j[kge],lstm[delta],delta_bar,221,0.4841628959276018
gr4j[kge],lstm[logmse],A_up,221,0.3076923076923077
gr4j[kge],lstm[logmse],A_lo,221,0.33031674208144796
gr4j[kge],lstm[logmse],E5_up,221,0.4796380090497738
gr4j[kge],lstm[logmse],E5_lo,221,0.5475113122171946
gr4j[kge],lstm[logmse],delta_bar,221,0.31221719457013575
gr4j[kge],lstm[mae],A_up,221,0.33031674208144796
gr4j[kge],lstm[mae],A_lo,221,0.3755656108597285
gr4j[kge],lstm[mae],E5_up,221,0.3936651583710407
gr4j[kge],lstm[mae],E5_lo,221,0.3891402714932127
gr4j[kge],lstm[mae],delta_bar,221,0.33031674208144796
gr4j[kge],lstm[mse],A_up,221,0.3167420814479638
gr4j[kge],lstm[mse],A_lo,221,0.5067873303167421
gr4j[kge],lstm[mse],E5_up,221,0.34841628959276016
gr4j[kge],lstm[mse],E5_lo,221,0.502262443438914
gr4j[kge],lstm[mse],delta_bar,221,0.45701357466063347
gr4j[kge],lstm[nse],A_up,221,0.33031674208144796
gr4j[kge],lstm[nse],A_lo,221,0.45701357466063347
gr4j[kge],lstm[nse],E5_up,221,0.34841628959276016
gr4j[kge],lstm[nse],E5_lo,221,0.49321266968325794
gr4j[kge],lstm[nse],delta_bar,221,0.38461538461538464
gr4j[kge],patchtst[nse],A_up,221,0.16289592760180996
gr4j[kge],patchtst[nse],A_lo,221,0.28054298642533937
gr4j[kge],patchtst[nse],E5_up,221,0.10407239819004525
gr4j[kge],patchtst[nse],E5_lo,221,0.49321266968325794
gr4j[kge],patchtst[nse],delta_bar,221,0.2398190045248869
gr4j[kge],tcn[nse],A_up,221,0.4479638009049774
gr4j[kge],tcn[nse],A_lo,221,0.5294117647058824
gr4j[kge],tcn[nse],E5_up,221,0.34841628959276016
gr4j[kge],tcn[nse],E5_lo,221,0.4434389140271493
gr4j[kge],tcn[nse],delta_bar,221,0.5113122171945701
gr4j[kge],transformer[delta],A_up,221,0.3891402714932127
gr4j[kge],transformer[delta],A_lo,221,0.4796380090497738
gr4j[kge],transformer[delta],E5_up,221,0.38461538461538464
gr4j[kge],transformer[delta],E5_lo,221,0.4660633484162896
gr4j[kge],transformer[delta],delta_bar,221,0.40271493212669685
gr4j[kge],transformer[logmse],A_up,221,0.10407239819004525
gr4j[kge],transformer[logmse],A_lo,221,0.3393665158371041
gr4j[kge],transformer[logmse],E5_up,221,0.09502262443438914
gr4j[kge],transformer[logmse],E5_lo,221,0.4841628959276018
gr4j[kge],transformer[logmse],delta_bar,221,0.16289592760180996
gr4j[kge],transformer[mae],A_up,221,0.3212669683257919
gr4j[kge],transformer[mae],A_lo,221,0.34841628959276016
gr4j[kge],transformer[mae],E5_up,221,0.37104072398190047
gr4j[kge],transformer[mae],E5_lo,221,0.36199095022624433
gr4j[kge],transformer[mae],delta_bar,221,0.3257918552036199
gr4j[kge],transformer[mse],A_up,221,0.34841628959276016
gr4j[kge],transformer[mse],A_lo,221,0.4434389140271493
gr4j[kge],transformer[mse],E5_up,221,0.3574660633484163
gr4j[kge],transformer[mse],E5_lo,221,0.4298642533936652
gr4j[kge],transformer[mse],delta_bar,221,0.4072398190045249
gr4j[kge],transformer[nse],A_up,221,0.3167420814479638
gr4j[kge],transformer[nse],A_lo,221,0.3891402714932127
gr4j[kge],transformer[nse],E5_up,221,0.3438914027149321
gr4j[kge],transformer[nse],E5_lo,221,0.416289592760181
gr4j[kge],transformer[nse],delta_bar,221,0.3755656108597285
gr4j[lnnse],gru[nse],A_up,221,0.3076923076923077
gr4j[lnnse],gru[nse],A_lo,221,0.45248868778280543
gr4j[lnnse],gru[nse],E5_up,221,0.17194570135746606
gr4j[lnnse],gru[nse],E5_lo,221,0.3936651583710407
gr4j[lnnse],gru[nse],delta_bar,221,0.40271493212669685
gr4j[lnnse],hbv[kge],A_up,221,0.4751131221719457
gr4j[lnnse],hbv[kge],A_lo,221,0.5339366515837104
gr4j[lnnse],hbv[kge],E5_up,221,0.3212669683257919
gr4j[lnnse],hbv[kge],E5_lo,221,0.4796380090497738
gr4j[lnnse],hbv[kge],delta_bar,221,0.497737556561086
gr4j[lnnse],hbv[lnnse],A_up,221,0.2171945701357466
gr4j[lnnse],hbv[lnnse],A_lo,221,0.4072398190045249
gr4j[lnnse],hbv[lnnse],E5_up,221,0.25339366515837103
gr4j[lnnse],hbv[lnnse],E5_lo,221,0.6606334841628959
gr4j[lnnse],hbv[lnnse],delta_bar,221,0.29411764705882354
gr4j[lnnse],lstm[delta],A_up,221,0.3167420814479638
gr4j[lnnse],lstm[delta],A_lo,221,0.4117647058823529
gr4j[lnnse],lstm[delta],E5_up,221,0.3076923076923077
gr4j[lnnse],lstm[delta],E5_lo,221,0.38461538461538464
gr4j[lnnse],lstm[delta],delta_bar,221,0.36199095022624433
gr4j[lnnse],lstm[logmse],A_up,221,0.3665158371040724
gr4j[lnnse],lstm[logmse],A_lo,221,0.4298642533936652
gr4j[lnnse],lstm[logmse],E5_up,221,0.416289592760181
gr4j[lnnse],lstm[logmse],E5_lo,221,0.5701357466063348
gr4j[lnnse],lstm[logmse],delta_bar,221,0.4117647058823529
gr4j[lnnse],lstm[mae],A_up,221,0.22171945701357465
gr4j[lnnse],lstm[mae],A_lo,221,0.3438914027149321
gr4j[lnnse],lstm[mae],E5_up,221,0.20361990950226244
gr4j[lnnse],lstm[mae],E5_lo,221,0.334841628959276
gr4j[lnnse],lstm[mae],delta_bar,221,0.3076923076923077
gr4j[lnnse],lstm[mse],A_up,221,0.38461538461538464
gr4j[lnnse],lstm[mse],A_lo,221,0.5882352941176471
gr4j[lnnse],lstm[mse],E5_up,221,0.24434389140271492
gr4j[lnnse],lstm[mse],E5_lo,221,0.4841628959276018
gr4j[lnnse],lstm[mse],delta_bar,221,0.5339366515837104
gr4j[lnnse],lstm[nse],A_up,221,0.2850678733031674
gr4j[lnnse],lstm[nse],A_lo,221,0.5746606334841629
gr4j[lnnse],lstm[nse],E5_up,221,0.19909502262443438
gr4j[lnnse],lstm[nse],E5_lo,221,0.4751131221719457
gr4j[lnnse],lstm[nse],delta_bar,221,0.4660633484162896
gr4j[lnnse],patchtst[nse],A_up,221,0.15384615384615385
gr4j[lnnse],patchtst[nse],A_lo,221,0.25339366515837103
gr4j[lnnse],patchtst[nse],E5_up,221,0.09954751131221719
gr4j[lnnse],patchtst[nse],E5_lo,221,0.5158371040723982
gr4j[lnnse],patchtst[nse],delta_bar,221,0.2171945701357466
gr4j[lnnse],tcn[nse],A_up,221,0.48868778280542985
gr4j[lnnse],tcn[nse],A_lo,221,0.6470588235294118
gr4j[lnnse],tcn[nse],E5_up,221,0.3257918552036199
gr4j[lnnse],tcn[nse],E5_lo,221,0.4343891402714932
gr4j[lnnse],tcn[nse],delta_bar,221,0.6153846153846154
gr4j[lnnse],transformer[delta],A_up,221,0.3936651583710407
gr4j[lnnse],transformer[delta],A_lo,221,0.3891402714932127
gr4j[lnnse],transformer[delta],E5_up,221,0.34841628959276016
gr4j[lnnse],transformer[delta],E5_lo,221,0.40271493212669685
gr4j[lnnse],transformer[delta],delta_bar,221,0.3936651583710407
gr4j[lnnse],transformer[logmse],A_up,221,0.09502262443438914
gr4j[lnnse],transformer[logmse],A_lo,221,0.38009049773755654
gr4j[lnnse],transformer[logmse],E5_up,221,0.07692307692307693
gr4j[lnnse],transformer[logmse],E5_lo,221,0.5339366515837104
gr4j[lnnse],transformer[logmse],delta_bar,221,0.19457013574660634
gr4j[lnnse],transformer[mae],A_up,221,0.3257918552036199
gr4j[lnnse],transformer[mae],A_lo,221,0.34841628959276016
gr4j[lnnse],transformer[mae],E5_up,221,0.248868778280543
gr4j[lnnse],transformer[mae],E5_lo,221,0.3438914027149321
gr4j[lnnse],transformer[mae],delta_bar,221,0.3574660633484163
gr4j[lnnse],transformer[mse],A_up,221,0.3574660633484163
gr4j[lnnse],transformer[mse],A_lo,221,0.5158371040723982
gr4j[lnnse],transformer[mse],E5_up,221,0.3076923076923077
gr4j[lnnse],transformer[mse],E5_lo,221,0.4117647058823529
gr4j[lnnse],transformer[mse],delta_bar,221,0.49321266968325794
gr4j[lnnse],transformer[nse],A_up,221,0.3438914027149321
gr4j[lnnse],transformer[nse],A_lo,221,0.4434389140271493
gr4j[lnnse],transformer[nse],E5_up,221,0.2081447963800905
gr4j[lnnse],transformer[nse],E5_lo,221,0.4072398190045249
gr4j[lnnse],transformer[nse],delta_bar,221,0.4343891402714932
gru[nse],hbv[kge],A_up,221,0.19909502262443438
gru[nse],hbv[kge],A_lo,221,0.27601809954751133
gru[nse],hbv[kge],E5_up,221,0.2171945701357466
gru[nse],hbv[kge],E5_lo,221,0.33031674208144796
gru[nse],hbv[kge],delta_bar,221,0.23529411764705882
gru[nse],hbv[lnnse],A_up,221,0.18552036199095023
gru[nse],hbv[lnnse],A_lo,221,0.3936651583710407
gru[nse],hbv[lnnse],E5_up,221,0.14479638009049775
gru[nse],hbv[lnnse],E5_lo,221,0.37104072398190047
gru[nse],hbv[lnnse],delta_bar,221,0.3257918552036199
gru[nse],lstm[delta],A_up,221,0.5067873303167421
gru[nse],lstm[delta],A_lo,221,0.5067873303167421
gru[nse],lstm[delta],E5_up,221,0.31221719457013575
gru[nse],lstm[delta],E5_lo,221,0.48868778280542985
gru[nse],lstm[delta],delta_bar,221,0.5203619909502263
gru[nse],lstm[logmse],A_up,221,0.2081447963800905
gru[nse],lstm[logmse],A_lo,221,0.17194570135746606
gru[nse],lstm[logmse],E5_up,221,0.3755656108597285
gru[nse],lstm[logmse],E5_lo,221,0.21266968325791855
gru[nse],lstm[logmse],delta_bar,221,0.17194570135746606
gru[nse],lstm[mae],A_up,221,0.37104072398190047
gru[nse],lstm[mae],A_lo,221,0.4298642533936652
gru[nse],lstm[mae],E5_up,221,0.3665158371040724
gru[nse],lstm[mae],E5_lo,221,0.45701357466063347
gru[nse],lstm[mae],delta_bar,221,0.4072398190045249
gru[nse],lstm[mse],A_up,221,0.4072398190045249
gru[nse],lstm[mse],A_lo,221,0.43891402714932126
gru[nse],lstm[mse],E5_up,221,0.38009049773755654
gru[nse],lstm[mse],E5_lo,221,0.4841628959276018
gru[nse],lstm[mse],delta_bar,221,0.4253393665158371
gru[nse],lstm[nse],A_up,221,0.3665158371040724
gru[nse],lstm[nse],A_lo,221,0.4841628959276018
gru[nse],lstm[nse],E5_up,221,0.3936651583710407
gru[nse],lstm[nse],E5_lo,221,0.4841628959276018
gru[nse],lstm[nse],delta_bar,221,0.4253393665158371
gru[nse],patchtst[nse],A_up,221,0.09502262443438914
gru[nse],patchtst[nse],A_lo,221,0.17194570135746606
gru[nse],patchtst[nse],E5_up,221,0.04524886877828054
gru[nse],patchtst[nse],E5_lo,221,0.248868778280543
gru[nse],patchtst[nse],delta_bar,221,0.13122171945701358
gru[nse],tcn[nse],A_up,221,0.34841628959276016
gru[nse],tcn[nse],A_lo,221,0.39819004524886875
gru[nse],tcn[nse],E5_up,221,0.31221719457013575
gru[nse],tcn[nse],E5_lo,221,0.46153846153846156
gru[nse],tcn[nse],delta_bar,221,0.3891402714932127
gru[nse],transformer[delta],A_up,221,0.2895927601809955
gru[nse],transformer[delta],A_lo,221,0.5701357466063348
gru[nse],transformer[delta],E5_up,221,0.2398190045248869
gru[nse],transformer[delta],E5_lo,221,0.6244343891402715
gru[nse],transformer[delta],delta_bar,221,0.45248868778280543
gru[nse],transformer[logmse],A_up,221,0.058823529411764705
gru[nse],transformer[logmse],A_lo,221,0.3393665158371041
gru[nse],transformer[logmse],E5_up,221,0.04072398190045249
gru[nse],transformer[logmse],E5_lo,221,0.5294117647058824
gru[nse],transformer[logmse],delta_bar,221,0.1493212669683258
gru[nse],transformer[mae],A_up,221,0.40271493212669685
gru[nse],transformer[mae],A_lo,221,0.4434389140271493
gru[nse],transformer[mae],E5_up,221,0.3574660633484163
gru[nse],transformer[mae],E5_lo,221,0.49321266968325794
gru[nse],transformer[mae],delta_bar,221,0.43891402714932126
gru[nse],transformer[mse],A_up,221,0.3574660633484163
gru[nse],transformer[mse],A_lo,221,0.4751131221719457
gru[nse],transformer[mse],E5_up,221,0.27149321266968324
gru[nse],transformer[mse],E5_lo,221,0.5294117647058824
gru[nse],transformer[mse],delta_bar,221,0.42081447963800905
gru[nse],transformer[nse],A_up,221,0.3574660633484163
gru[nse],transformer[nse],A_lo,221,0.47058823529411764
gru[nse],transformer[nse],E5_up,221,0.38009049773755654
gru[nse],transformer[nse],E5_lo,221,0.5610859728506787
gru[nse],transformer[nse],delta_bar,221,0.37104072398190047
hbv[kge],hbv[lnnse],A_up,221,0.6334841628959276
hbv[kge],hbv[lnnse],A_lo,221,0.6742081447963801
hbv[kge],hbv[lnnse],E5_up,221,0.3212669683257919
hbv[kge],hbv[lnnse],E5_lo,221,0.6380090497737556
hbv[kge],hbv[lnnse],delta_bar,221,0.669683257918552
hbv[kge],lstm[delta],A_up,221,0.334841628959276
hbv[kge],lstm[delta],A_lo,221,0.3891402714932127
hbv[kge],lstm[delta],E5_up,221,0.2895927601809955
hbv[kge],lstm[delta],E5_lo,221,0.4072398190045249
hbv[kge],lstm[delta],delta_bar,221,0.3438914027149321
hbv[kge],lstm[logmse],A_up,221,0.4298642533936652
hbv[kge],lstm[logmse],A_lo,221,0.49321266968325794
hbv[kge],lstm[logmse],E5_up,221,0.4298642533936652
hbv[kge],lstm[logmse],E5_lo,221,0.5656108597285068
hbv[kge],lstm[logmse],delta_bar,221,0.45701357466063347
hbv[kge],lstm[mae],A_up,221,0.18099547511312217
hbv[kge],lstm[mae],A_lo,221,0.22171945701357465
hbv[kge],lstm[mae],E5_up,221,0.248868778280543
hbv[kge],lstm[mae],E5_lo,221,0.334841628959276
hbv[kge],lstm[mae],delta_bar,221,0.19909502262443438
hbv[kge],lstm[mse],A_up,221,0.19004524886877827
hbv[kge],lstm[mse],A_lo,221,0.39819004524886875
hbv[kge],lstm[mse],E5_up,221,0.3031674208144796
hbv[kge],lstm[mse],E5_lo,221,0.4117647058823529
hbv[kge],lstm[mse],delta_bar,221,0.2850678733031674
hbv[kge],lstm[nse],A_up,221,0.19457013574660634
hbv[kge],lstm[nse],A_lo,221,0.35294117647058826
hbv[kge],lstm[nse],E5_up,221,0.23529411764705882
hbv[kge],lstm[nse],E5_lo,221,0.416289592760181
hbv[kge],lstm[nse],delta_bar,221,0.24434389140271492
hbv[kge],patchtst[nse],A_up,221,0.28054298642533937
hbv[kge],patchtst[nse],A_lo,221,0.5113122171945701
hbv[kge],patchtst[nse],E5_up,221,0.13574660633484162
hbv[kge],patchtst[nse],E5_lo,221,0.6244343891402715
hbv[kge],patchtst[nse],delta_bar,221,0.4479638009049774
hbv[kge],tcn[nse],A_up,221,0.3031674208144796
hbv[kge],tcn[nse],A_lo,221,0.502262443438914
hbv[kge],tcn[nse],E5_up,221,0.24434389140271492
hbv[kge],tcn[nse],E5_lo,221,0.45701357466063347
hbv[kge],tcn[nse],delta_bar,221,0.40271493212669685
hbv[kge],transformer[delta],A_up,221,0.34841628959276016
hbv[kge],transformer[delta],A_lo,221,0.42081447963800905
hbv[kge],transformer[delta],E5_up,221,0.2895927601809955
hbv[kge],transformer[delta],E5_lo,221,0.45248868778280543
hbv[kge],transformer[delta],delta_bar,221,0.4117647058823529
hbv[kge],transformer[logmse],A_up,221,0.08144796380090498
hbv[kge],transformer[logmse],A_lo,221,0.39819004524886875
hbv[kge],transformer[logmse],E5_up,221,0.058823529411764705
hbv[kge],transformer[logmse],E5_lo,221,0.502262443438914
hbv[kge],transformer[logmse],delta_bar,221,0.2398190045248869
hbv[kge],transformer[mae],A_up,221,0.18099547511312217
hbv[kge],transformer[mae],A_lo,221,0.21266968325791855
hbv[kge],transformer[mae],E5_up,221,0.2895927601809955
hbv[kge],transformer[mae],E5_lo,221,0.28054298642533937
hbv[kge],transformer[mae],delta_bar,221,0.21266968325791855
hbv[kge],transformer[mse],A_up,221,0.23529411764705882
hbv[kge],transformer[mse],A_lo,221,0.3257918552036199
hbv[kge],transformer[mse],E5_up,221,0.3076923076923077
hbv[kge],transformer[mse],E5_lo,221,0.38461538461538464
hbv[kge],transformer[mse],delta_bar,221,0.2669683257918552
hbv[kge],transformer[nse],A_up,221,0.20361990950226244
hbv[kge],transformer[nse],A_lo,221,0.25339366515837103
hbv[kge],transformer[nse],E5_up,221,0.2171945701357466
hbv[kge],transformer[nse],E5_lo,221,0.3574660633484163
hbv[kge],transformer[nse],delta_bar,221,0.23529411764705882
hbv[lnnse],lstm[delta],A_up,221,0.19457013574660634
hbv[lnnse],lstm[delta],A_lo,221,0.26244343891402716
hbv[lnnse],lstm[delta],E5_up,221,0.2081447963800905
hbv[lnnse],lstm[delta],E5_lo,221,0.31221719457013575
hbv[lnnse],lstm[delta],delta_bar,221,0.23076923076923078
hbv[lnnse],lstm[logmse],A_up,221,0.497737556561086
hbv[lnnse],lstm[logmse],A_lo,221,0.669683257918552
hbv[lnnse],lstm[logmse],E5_up,221,0.3212669683257919
hbv[lnnse],lstm[logmse],E5_lo,221,0.5520361990950227
hbv[lnnse],lstm[logmse],delta_bar,221,0.6199095022624435
hbv[lnnse],lstm[mae],A_up,221,0.11764705882352941
hbv[lnnse],lstm[mae],A_lo,221,0.25339366515837103
hbv[lnnse],lstm[mae],E5_up,221,0.14479638009049775
hbv[lnnse],lstm[mae],E5_lo,221,0.2895927601809955
hbv[lnnse],lstm[mae],delta_bar,221,0.18099547511312217
hbv[lnnse],lstm[mse],A_up,221,0.2579185520361991
hbv[lnnse],lstm[mse],A_lo,221,0.5701357466063348
hbv[lnnse],lstm[mse],E5_up,221,0.17194570135746606
hbv[lnnse],lstm[mse],E5_lo,221,0.47058823529411764
hbv[lnnse],lstm[mse],delta_bar,221,0.45701357466063347
hbv[lnnse],lstm[nse],A_up,221,0.20361990950226244
hbv[lnnse],lstm[nse],A_lo,221,0.5746606334841629
hbv[lnnse],lstm[nse],E5_up,221,0.12669683257918551
hbv[lnnse],lstm[nse],E5_lo,221,0.45701357466063347
hbv[lnnse],lstm[nse],delta_bar,221,0.40271493212669685
hbv[lnnse],patchtst[nse],A_up,221,0.13122171945701358
hbv[lnnse],patchtst[nse],A_lo,221,0.22624434389140272
hbv[lnnse],patchtst[nse],E5_up,221,0.10407239819004525
hbv[lnnse],patchtst[nse],E5_lo,221,0.4660633484162896
hbv[lnnse],patchtst[nse],delta_bar,221,0.18552036199095023
hbv[lnnse],tcn[nse],A_up,221,0.334841628959276
hbv[lnnse],tcn[nse],A_lo,221,0.6606334841628959
hbv[lnnse],tcn[nse],E5_up,221,0.22171945701357465
hbv[lnnse],tcn[nse],E5_lo,221,0.4479638009049774
hbv[lnnse],tcn[nse],delta_bar,221,0.5610859728506787
hbv[lnnse],transformer[delta],A_up,221,0.3212669683257919
hbv[lnnse],transformer[delta],A_lo,221,0.3076923076923077
hbv[lnnse],transformer[delta],E5_up,221,0.26244343891402716
hbv[lnnse],transformer[delta],E5_lo,221,0.3393665158371041
hbv[lnnse],transformer[delta],delta_bar,221,0.3393665158371041
hbv[lnnse],transformer[logmse],A_up,221,0.08597285067873303
hbv[lnnse],transformer[logmse],A_lo,221,0.36199095022624433
hbv[lnnse],transformer[logmse],E5_up,221,0.049773755656108594
hbv[lnnse],transformer[logmse],E5_lo,221,0.5067873303167421
hbv[lnnse],transformer[logmse],delta_bar,221,0.21266968325791855
hbv[lnnse],transformer[mae],A_up,221,0.22171945701357465
hbv[lnnse],transformer[mae],A_lo,221,0.2986425339366516
hbv[lnnse],transformer[mae],E5_up,221,0.18552036199095023
hbv[lnnse],transformer[mae],E5_lo,221,0.31221719457013575
hbv[lnnse],transformer[mae],delta_bar,221,0.31221719457013575
hbv[lnnse],transformer[mse],A_up,221,0.25339366515837103
hbv[lnnse],transformer[mse],A_lo,221,0.5113122171945701
hbv[lnnse],transformer[mse],E5_up,221,0.20361990950226244
hbv[lnnse],transformer[mse],E5_lo,221,0.4117647058823529
hbv[lnnse],transformer[mse],delta_bar,221,0.416289592760181
hbv[lnnse],transformer[nse],A_up,221,0.24434389140271492
hbv[lnnse],transformer[nse],A_lo,221,0.4072398190045249
hbv[lnnse],transformer[nse],E5_up,221,0.18552036199095023
hbv[lnnse],transformer[nse],E5_lo,221,0.34841628959276016
hbv[lnnse],transformer[nse],delta_bar,221,0.38009049773755654
lstm[delta],lstm[logmse],A_up,221,0.167420814479638
lstm[delta],lstm[logmse],A_lo,221,0.16289592760180996
lstm[delta],lstm[logmse],E5_up,221,0.4253393665158371
lstm[delta],lstm[logmse],E5_lo,221,0.26244343891402716
lstm[delta],lstm[logmse],delta_bar,221,0.16289592760180996
lstm[delta],lstm[mae],A_up,221,0.3076923076923077
lstm[delta],lstm[mae],A_lo,221,0.497737556561086
lstm[delta],lstm[mae],E5_up,221,0.3167420814479638
lstm[delta],lstm[mae],E5_lo,221,0.5927601809954751
lstm[delta],lstm[mae],delta_bar,221,0.4117647058823529
lstm[delta],lstm[mse],A_up,221,0.45248868778280543
lstm[delta],lstm[mse],A_lo,221,0.5475113122171946
lstm[delta],lstm[mse],E5_up,221,0.37104072398190047
lstm[delta],lstm[mse],E5_lo,221,0.5158371040723982
lstm[delta],lstm[mse],delta_bar,221,0.5610859728506787
lstm[delta],lstm[nse],A_up,221,0.416289592760181
lstm[delta],lstm[nse],A_lo,221,0.5610859728506787
lstm[delta],lstm[nse],E5_up,221,0.37104072398190047
lstm[delta],lstm[nse],E5_lo,221,0.5882352941176471
lstm[delta],lstm[nse],delta_bar,221,0.5113122171945701
lstm[delta],patchtst[nse],A_up,221,0.11312217194570136
lstm[delta],patchtst[nse],A_lo,221,0.17647058823529413
lstm[delta],patchtst[nse],E5_up,221,0.04072398190045249
lstm[delta],patchtst[nse],E5_lo,221,0.31221719457013575
lstm[delta],patchtst[nse],delta_bar,221,0.12669683257918551
lstm[delta],tcn[nse],A_up,221,0.40271493212669685
lstm[delta],tcn[nse],A_lo,221,0.5113122171945701
lstm[delta],tcn[nse],E5_up,221,0.3031674208144796
lstm[delta],tcn[nse],E5_lo,221,0.5294117647058824
lstm[delta],tcn[nse],delta_bar,221,0.4841628959276018
lstm[delta],transformer[delta],A_up,221,0.4343891402714932
lstm[delta],transformer[delta],A_lo,221,0.502262443438914
lstm[delta],transformer[delta],E5_up,221,0.27601809954751133
lstm[delta],transformer[delta],E5_lo,221,0.5158371040723982
lstm[delta],transformer[delta],delta_bar,221,0.4660633484162896
lstm[delta],transformer[logmse],A_up,221,0.06787330316742081
lstm[delta],transformer[logmse],A_lo,221,0.33031674208144796
lstm[delta],transformer[logmse],E5_up,221,0.049773755656108594
lstm[delta],transformer[logmse],E5_lo,221,0.49321266968325794
lstm[delta],transformer[logmse],delta_bar,221,0.15384615384615385
lstm[delta],transformer[mae],A_up,221,0.4434389140271493
lstm[delta],transformer[mae],A_lo,221,0.42081447963800905
lstm[delta],transformer[mae],E5_up,221,0.3755656108597285
lstm[delta],transformer[mae],E5_lo,221,0.3574660633484163
lstm[delta],transformer[mae],delta_bar,221,0.47058823529411764
lstm[delta],transformer[mse],A_up,221,0.4343891402714932
lstm[delta],transformer[mse],A_lo,221,0.5339366515837104
lstm[delta],transformer[mse],E5_up,221,0.2986425339366516
lstm[delta],transformer[mse],E5_lo,221,0.497737556561086
lstm[delta],transformer[mse],delta_bar,221,0.5429864253393665
lstm[delta],transformer[nse],A_up,221,0.4253393665158371
lstm[delta],transformer[nse],A_lo,221,0.497737556561086
lstm[delta],transformer[nse],E5_up,221,0.3031674208144796
lstm[delta],transformer[nse],E5_lo,221,0.502262443438914
lstm[delta],transformer[nse],delta_bar,221,0.49321266968325794
lstm[logmse],lstm[mae],A_up,221,0.21266968325791855
lstm[logmse],lstm[mae],A_lo,221,0.19457013574660634
lstm[logmse],lstm[mae],E5_up,221,0.37104072398190047
lstm[logmse],lstm[mae],E5_lo,221,0.26244343891402716
lstm[logmse],lstm[mae],delta_bar,221,0.19004524886877827
lstm[logmse],lstm[mse],A_up,221,0.22171945701357465
lstm[logmse],lstm[mse],A_lo,221,0.248868778280543
lstm[logmse],lstm[mse],E5_up,221,0.37104072398190047
lstm[logmse],lstm[mse],E5_lo,221,0.2986425339366516
lstm[logmse],lstm[mse],delta_bar,221,0.24434389140271492
lstm[logmse],lstm[nse],A_up,221,0.22624434389140272
lstm[logmse],lstm[nse],A_lo,221,0.2171945701357466
lstm[logmse],lstm[nse],E5_up,221,0.3257918552036199
lstm[logmse],lstm[nse],E5_lo,221,0.29411764705882354
lstm[logmse],lstm[nse],delta_bar,221,0.2171945701357466
lstm[logmse],patchtst[nse],A_up,221,0.2669683257918552
lstm[logmse],patchtst[nse],A_lo,221,0.6606334841628959
lstm[logmse],patchtst[nse],E5_up,221,0.13122171945701358
lstm[logmse],patchtst[nse],E5_lo,221,0.665158371040724
lstm[logmse],patchtst[nse],delta_bar,221,0.5384615384615384
lstm[logmse],tcn[nse],A_up,221,0.2171945701357466
lstm[logmse],tcn[nse],A_lo,221,0.25339366515837103
lstm[logmse],tcn[nse],E5_up,221,0.45248868778280543
lstm[logmse],tcn[nse],E5_lo,221,0.3393665158371041
lstm[logmse],tcn[nse],delta_bar,221,0.23529411764705882
lstm[logmse],transformer[delta],A_up,221,0.24434389140271492
lstm[logmse],transformer[delta],A_lo,221,0.27149321266968324
lstm[logmse],transformer[delta],E5_up,221,0.5067873303167421
lstm[logmse],transformer[delta],E5_lo,221,0.2850678733031674
lstm[logmse],transformer[delta],delta_bar,221,0.248868778280543
lstm[logmse],transformer[logmse],A_up,221,0.10407239819004525
lstm[logmse],transformer[logmse],A_lo,221,0.3936651583710407
lstm[logmse],transformer[logmse],E5_up,221,0.09502262443438914
lstm[logmse],transformer[logmse],E5_lo,221,0.5294117647058824
lstm[logmse],transformer[logmse],delta_bar,221,0.19909502262443438
lstm[logmse],transformer[mae],A_up,221,0.2398190045248869
lstm[logmse],transformer[mae],A_lo,221,0.19909502262443438
lstm[logmse],transformer[mae],E5_up,221,0.47058823529411764
lstm[logmse],transformer[mae],E5_lo,221,0.19457013574660634
lstm[logmse],transformer[mae],delta_bar,221,0.20361990950226244
lstm[logmse],transformer[mse],A_up,221,0.24434389140271492
lstm[logmse],transformer[mse],A_lo,221,0.3031674208144796
lstm[logmse],transformer[mse],E5_up,221,0.4660633484162896
lstm[logmse],transformer[mse],E5_lo,221,0.3212669683257919
lstm[logmse],transformer[mse],delta_bar,221,0.2986425339366516
lstm[logmse],transformer[nse],A_up,221,0.22624434389140272
lstm[logmse],transformer[nse],A_lo,221,0.2895927601809955
lstm[logmse],transformer[nse],E5_up,221,0.40271493212669685
lstm[logmse],transformer[nse],E5_lo,221,0.3167420814479638
lstm[logmse],transformer[nse],delta_bar,221,0.27601809954751133
lstm[mae],lstm[mse],A_up,221,0.36199095022624433
lstm[mae],lstm[mse],A_lo,221,0.4434389140271493
lstm[mae],lstm[mse],E5_up,221,0.3257918552036199
lstm[mae],lstm[mse],E5_lo,221,0.4796380090497738
lstm[mae],lstm[mse],delta_bar,221,0.3891402714932127
lstm[mae],lstm[nse],A_up,221,0.3665158371040724
lstm[mae],lstm[nse],A_lo,221,0.4117647058823529
lstm[mae],lstm[nse],E5_up,221,0.35294117647058826
lstm[mae],lstm[nse],E5_lo,221,0.4660633484162896
lstm[mae],lstm[nse],delta_bar,221,0.4253393665158371
lstm[mae],patchtst[nse],A_up,221,0.12217194570135746
lstm[mae],patchtst[nse],A_lo,221,0.21266968325791855
lstm[mae],patchtst[nse],E5_up,221,0.058823529411764705
lstm[mae],patchtst[nse],E5_lo,221,0.37104072398190047
lstm[mae],patchtst[nse],delta_bar,221,0.14027149321266968
lstm[mae],tcn[nse],A_up,221,0.3665158371040724
lstm[mae],tcn[nse],A_lo,221,0.3936651583710407
lstm[mae],tcn[nse],E5_up,221,0.3076923076923077
lstm[mae],tcn[nse],E5_lo,221,0.4253393665158371
lstm[mae],tcn[nse],delta_bar,221,0.38461538461538464
lstm[mae],transformer[delta],A_up,221,0.27601809954751133
lstm[mae],transformer[delta],A_lo,221,0.46153846153846156
lstm[mae],transformer[delta],E5_up,221,0.2850678733031674
lstm[mae],transformer[delta],E5_lo,221,0.5384615384615384
lstm[mae],transformer[delta],delta_bar,221,0.3665158371040724
lstm[mae],transformer[logmse],A_up,221,0.07239819004524888
lstm[mae],transformer[logmse],A_lo,221,0.3574660633484163
lstm[mae],transformer[logmse],E5_up,221,0.049773755656108594
lstm[mae],transformer[logmse],E5_lo,221,0.502262443438914
lstm[mae],transformer[logmse],delta_bar,221,0.17647058823529413
lstm[mae],transformer[mae],A_up,221,0.4298642533936652
lstm[mae],transformer[mae],A_lo,221,0.497737556561086
lstm[mae],transformer[mae],E5_up,221,0.3665158371040724
lstm[mae],transformer[mae],E5_lo,221,0.4660633484162896
lstm[mae],transformer[mae],delta_bar,221,0.4841628959276018
lstm[mae],transformer[mse],A_up,221,0.3393665158371041
lstm[mae],transformer[mse],A_lo,221,0.45248868778280543
lstm[mae],transformer[mse],E5_up,221,0.3257918552036199
lstm[mae],transformer[mse],E5_lo,221,0.5294117647058824
lstm[mae],transformer[mse],delta_bar,221,0.39819004524886875
lstm[mae],transformer[nse],A_up,221,0.4343891402714932
lstm[mae],transformer[nse],A_lo,221,0.48868778280542985
lstm[mae],transformer[nse],E5_up,221,0.39819004524886875
lstm[mae],transformer[nse],E5_lo,221,0.5203619909502263
lstm[mae],transformer[nse],delta_bar,221,0.4660633484162896
lstm[mse],lstm[nse],A_up,221,0.4253393665158371
lstm[mse],lstm[nse],A_lo,221,0.38461538461538464
lstm[mse],lstm[nse],E5_up,221,0.3891402714932127
lstm[mse],lstm[nse],E5_lo,221,0.4072398190045249
lstm[mse],lstm[nse],delta_bar,221,0.38461538461538464
lstm[mse],patchtst[nse],A_up,221,0.1085972850678733
lstm[mse],patchtst[nse],A_lo,221,0.2081447963800905
lstm[mse],patchtst[nse],E5_up,221,0.07239819004524888
lstm[mse],patchtst[nse],E5_lo,221,0.31221719457013575
lstm[mse],patchtst[nse],delta_bar,221,0.13122171945701358
lstm[mse],tcn[nse],A_up,221,0.3574660633484163
lstm[mse],tcn[nse],A_lo,221,0.4298642533936652
lstm[mse],tcn[nse],E5_up,221,0.3167420814479638
lstm[mse],tcn[nse],E5_lo,221,0.47058823529411764
lstm[mse],tcn[nse],delta_bar,221,0.3891402714932127
lstm[mse],transformer[delta],A_up,221,0.36199095022624433
lstm[mse],transformer[delta],A_lo,221,0.5701357466063348
lstm[mse],transformer[delta],E5_up,221,0.31221719457013575
lstm[mse],transformer[delta],E5_lo,221,0.5927601809954751
lstm[mse],transformer[delta],delta_bar,221,0.4796380090497738
lstm[mse],transformer[logmse],A_up,221,0.07239819004524888
lstm[mse],transformer[logmse],A_lo,221,0.3665158371040724
lstm[mse],transformer[logmse],E5_up,221,0.06787330316742081
lstm[mse],transformer[logmse],E5_lo,221,0.5113122171945701
lstm[mse],transformer[logmse],delta_bar,221,0.167420814479638
lstm[mse],transformer[mae],A_up,221,0.4253393665158371
lstm[mse],transformer[mae],A_lo,221,0.45248868778280543
lstm[mse],transformer[mae],E5_up,221,0.38009049773755654
lstm[mse],transformer[mae],E5_lo,221,0.45248868778280543
lstm[mse],transformer[mae],delta_bar,221,0.4434389140271493
lstm[mse],transformer[mse],A_up,221,0.416289592760181
lstm[mse],transformer[mse],A_lo,221,0.5429864253393665
lstm[mse],transformer[mse],E5_up,221,0.3665158371040724
lstm[mse],transformer[mse],E5_lo,221,0.5656108597285068
lstm[mse],transformer[mse],delta_bar,221,0.5248868778280543
lstm[mse],transformer[nse],A_up,221,0.37104072398190047
lstm[mse],transformer[nse],A_lo,221,0.45248868778280543
lstm[mse],transformer[nse],E5_up,221,0.3574660633484163
lstm[mse],transformer[nse],E5_lo,221,0.497737556561086
lstm[mse],transformer[nse],delta_bar,221,0.4343891402714932
lstm[nse],patchtst[nse],A_up,221,0.09049773755656108
lstm[nse],patchtst[nse],A_lo,221,0.248868778280543
lstm[nse],patchtst[nse],E5_up,221,0.07239819004524888
lstm[nse],patchtst[nse],E5_lo,221,0.4434389140271493
lstm[nse],patchtst[nse],delta_bar,221,0.1493212669683258
lstm[nse],tcn[nse],A_up,221,0.35294117647058826
lstm[nse],tcn[nse],A_lo,221,0.46153846153846156
lstm[nse],tcn[nse],E5_up,221,0.33031674208144796
lstm[nse],tcn[nse],E5_lo,221,0.5203619909502263
lstm[nse],tcn[nse],delta_bar,221,0.4072398190045249
lstm[nse],transformer[delta],A_up,221,0.3031674208144796
lstm[nse],transformer[delta],A_lo,221,0.5746606334841629
lstm[nse],transformer[delta],E5_up,221,0.2579185520361991
lstm[nse],transformer[delta],E5_lo,221,0.6153846153846154
lstm[nse],transformer[delta],delta_bar,221,0.4751131221719457
lstm[nse],transformer[logmse],A_up,221,0.07692307692307693
lstm[nse],transformer[logmse],A_lo,221,0.3755656108597285
lstm[nse],transformer[logmse],E5_up,221,0.05429864253393665
lstm[nse],transformer[logmse],E5_lo,221,0.5203619909502263
lstm[nse],transformer[logmse],delta_bar,221,0.17647058823529413
lstm[nse],transformer[mae],A_up,221,0.3755656108597285
lstm[nse],transformer[mae],A_lo,221,0.4117647058823529
lstm[nse],transformer[mae],E5_up,221,0.3891402714932127
lstm[nse],transformer[mae],E5_lo,221,0.45701357466063347
lstm[nse],transformer[mae],delta_bar,221,0.39819004524886875
lstm[nse],transformer[mse],A_up,221,0.3031674208144796
lstm[nse],transformer[mse],A_lo,221,0.4479638009049774
lstm[nse],transformer[mse],E5_up,221,0.334841628959276
lstm[nse],transformer[mse],E5_lo,221,0.5203619909502263
lstm[nse],transformer[mse],delta_bar,221,0.3936651583710407
lstm[nse],transformer[nse],A_up,221,0.334841628959276
lstm[nse],transformer[nse],A_lo,221,0.4253393665158371
lstm[nse],transformer[nse],E5_up,221,0.43891402714932126
lstm[nse],transformer[nse],E5_lo,221,0.48868778280542985
lstm[nse],transformer[nse],delta_bar,221,0.39819004524886875
patchtst[nse],tcn[nse],A_up,221,0.1085972850678733
patchtst[nse],tcn[nse],A_lo,221,0.2895927601809955
patchtst[nse],tcn[nse],E5_up,221,0.05429864253393665
patchtst[nse],tcn[nse],E5_lo,221,0.4253393665158371
patchtst[nse],tcn[nse],delta_bar,221,0.19457013574660634
patchtst[nse],transformer[delta],A_up,221,0.13122171945701358
patchtst[nse],transformer[delta],A_lo,221,0.13122171945701358
patchtst[nse],transformer[delta],E5_up,221,0.08597285067873303
patchtst[nse],transformer[delta],E5_lo,221,0.14027149321266968
patchtst[nse],transformer[delta],delta_bar,221,0.15384615384615385
patchtst[nse],transformer[logmse],A_up,221,0.06334841628959276
patchtst[nse],transformer[logmse],A_lo,221,0.3891402714932127
patchtst[nse],transformer[logmse],E5_up,221,0.06334841628959276
patchtst[nse],transformer[logmse],E5_lo,221,0.5203619909502263
patchtst[nse],transformer[logmse],delta_bar,221,0.2171945701357466
patchtst[nse],transformer[mae],A_up,221,0.09954751131221719
patchtst[nse],transformer[mae],A_lo,221,0.12669683257918551
patchtst[nse],transformer[mae],E5_up,221,0.049773755656108594
patchtst[nse],transformer[mae],E5_lo,221,0.21266968325791855
patchtst[nse],transformer[mae],delta_bar,221,0.11764705882352941
patchtst[nse],transformer[mse],A_up,221,0.10407239819004525
patchtst[nse],transformer[mse],A_lo,221,0.167420814479638
patchtst[nse],transformer[mse],E5_up,221,0.049773755656108594
patchtst[nse],transformer[mse],E5_lo,221,0.20361990950226244
patchtst[nse],transformer[mse],delta_bar,221,0.13574660633484162
patchtst[nse],transformer[nse],A_up,221,0.09502262443438914
patchtst[nse],transformer[nse],A_lo,221,0.19457013574660634
patchtst[nse],transformer[nse],E5_up,221,0.05429864253393665
patchtst[nse],transformer[nse],E5_lo,221,0.25339366515837103
patchtst[nse],transformer[nse],delta_bar,221,0.14479638009049775
tcn[nse],transformer[delta],A_up,221,0.40271493212669685
tcn[nse],transformer[delta],A_lo,221,0.579185520361991
tcn[nse],transformer[delta],E5_up,221,0.29411764705882354
tcn[nse],transformer[delta],E5_lo,221,0.6153846153846154
tcn[nse],transformer[delta],delta_bar,221,0.5429864253393665
tcn[nse],transformer[logmse],A_up,221,0.06787330316742081
tcn[nse],transformer[logmse],A_lo,221,0.38461538461538464
tcn[nse],transformer[logmse],E5_up,221,0.03167420814479638
tcn[nse],transformer[logmse],E5_lo,221,0.5339366515837104
tcn[nse],transformer[logmse],delta_bar,221,0.19457013574660634
tcn[nse],transformer[mae],A_up,221,0.4072398190045249
tcn[nse],transformer[mae],A_lo,221,0.4072398190045249
tcn[nse],transformer[mae],E5_up,221,0.3076923076923077
tcn[nse],transformer[mae],E5_lo,221,0.40271493212669685
tcn[nse],transformer[mae],delta_bar,221,0.40271493212669685
tcn[nse],transformer[mse],A_up,221,0.34841628959276016
tcn[nse],transformer[mse],A_lo,221,0.502262443438914
tcn[nse],transformer[mse],E5_up,221,0.36199095022624433
tcn[nse],transformer[mse],E5_lo,221,0.4479638009049774
tcn[nse],transformer[mse],delta_bar,221,0.46153846153846156
tcn[nse],transformer[nse],A_up,221,0.4072398190045249
tcn[nse],transformer[nse],A_lo,221,0.4298642533936652
tcn[nse],transformer[nse],E5_up,221,0.31221719457013575
tcn[nse],transformer[nse],E5_lo,221,0.43891402714932126
tcn[nse],transformer[nse],delta_bar,221,0.42081447963800905
transformer[delta],transformer[logmse],A_up,221,0.058823529411764705
transformer[delta],transformer[logmse],A_lo,221,0.12669683257918551
transformer[delta],transformer[logmse],E5_up,221,0.05429864253393665
transformer[delta],transformer[logmse],E5_lo,221,0.4841628959276018
transformer[delta],transformer[logmse],delta_bar,221,0.06787330316742081
transformer[delta],transformer[mae],A_up,221,0.31221719457013575
transformer[delta],transformer[mae],A_lo,221,0.46153846153846156
transformer[delta],transformer[mae],E5_up,221,0.28054298642533937
transformer[delta],transformer[mae],E5_lo,221,0.5294117647058824
transformer[delta],transformer[mae],delta_bar,221,0.38461538461538464
transformer[delta],transformer[mse],A_up,221,0.4253393665158371
transformer[delta],transformer[mse],A_lo,221,0.583710407239819
transformer[delta],transformer[mse],E5_up,221,0.37104072398190047
transformer[delta],transformer[mse],E5_lo,221,0.5927601809954751
transformer[delta],transformer[mse],delta_bar,221,0.5158371040723982
transformer[delta],transformer[nse],A_up,221,0.37104072398190047
transformer[delta],transformer[nse],A_lo,221,0.5384615384615384
transformer[delta],transformer[nse],E5_up,221,0.26244343891402716
transformer[delta],transformer[nse],E5_lo,221,0.583710407239819
transformer[delta],transformer[nse],delta_bar,221,0.4796380090497738
transformer[logmse],transformer[mae],A_up,221,0.05429864253393665
transformer[logmse],transformer[mae],A_lo,221,0.2850678733031674
transformer[logmse],transformer[mae],E5_up,221,0.04524886877828054
transformer[logmse],transformer[mae],E5_lo,221,0.4841628959276018
transformer[logmse],transformer[mae],delta_bar,221,0.1085972850678733
transformer[logmse],transformer[mse],A_up,221,0.06787330316742081
transformer[logmse],transformer[mse],A_lo,221,0.3167420814479638
transformer[logmse],transformer[mse],E5_up,221,0.058823529411764705
transformer[logmse],transformer[mse],E5_lo,221,0.49321266968325794
transformer[logmse],transformer[mse],delta_bar,221,0.14027149321266968
transformer[logmse],transformer[nse],A_up,221,0.05429864253393665
transformer[logmse],transformer[nse],A_lo,221,0.3076923076923077
transformer[logmse],transformer[nse],E5_up,221,0.03619909502262444
transformer[logmse],transformer[nse],E5_lo,221,0.5113122171945701
transformer[logmse],transformer[nse],delta_bar,221,0.14027149321266968
transformer[mae],transformer[mse],A_up,221,0.3665158371040724
transformer[mae],transformer[mse],A_lo,221,0.4434389140271493
transformer[mae],transformer[mse],E5_up,221,0.33031674208144796
transformer[mae],transformer[mse],E5_lo,221,0.4253393665158371
transformer[mae],transformer[mse],delta_bar,221,0.40271493212669685
transformer[mae],transformer[nse],A_up,221,0.4072398190045249
transformer[mae],transformer[nse],A_lo,221,0.43891402714932126
transformer[mae],transformer[nse],E5_up,221,0.38461538461538464
transformer[mae],transformer[nse],E5_lo,221,0.43891402714932126
transformer[mae],transformer[nse],delta_bar,221,0.4343891402714932
transformer[mse],transformer[nse],A_up,221,0.40271493212669685
transformer[mse],transformer[nse],A_lo,221,0.45248868778280543
transformer[mse],transformer[nse],E5_up,221,0.31221719457013575
transformer[mse],transformer[nse],E5_lo,221,0.4479638009049774
transformer[mse],transformer[nse],delta_bar,221,0.4841628959276018
